URL,前回のクロール
https://creatorpot.net/news/,1970-01-01
https://creatorpot.net/news/company-establishment/,1970-01-01
https://creatorpot.net/news/kosen-career-game-dev/,1970-01-01
https://creatorpot.net/news/mirai-studio-investment/,1970-01-01
https://creatorpot.net/news/nextcreators-100-members/,1970-01-01
https://creatorpot.net/news/nologic-beta-limited-release/,1970-01-01
https://creatorpot.net/news/nologic-official-release/,1970-01-01
https://creatorpot.net/news/uchinoko-game-service/,1970-01-01
https://creatorpot.net/privacy/,1970-01-01
https://creatorpot.net/techplantstudio/,1970-01-01